filename,num_cells,num_characters,num_variables,num_clauses,phi_generation_time,qsampler_time,qsampler_valid_samples,unigen_time,unigen_valid_samples,total_num_solution,percent_qsampler_correct,percent_unigen_correct
m10_n10_s1.txt,10,10,63,34308,0.21614480018615723,8.580291032791138,1,60.06570553779602,1,-1,-1.0,-1.0
m10_n10_s10.txt,10,10,69,41440,0.21119260787963867,30.51869297027588,0,2.9029366970062256,0,-1,-0.0,-0.0
m10_n10_s2.txt,10,10,60,32808,0.1946423053741455,12.750640630722046,1,7.360122442245483,1,-1,-1.0,-1.0
m10_n10_s3.txt,10,10,77,48264,0.22147655487060547,12.488787174224854,0,15.50290298461914,0,-1,-0.0,-0.0
m10_n10_s4.txt,10,10,61,32536,0.1949446201324463,16.297649383544922,1,2.8989174365997314,1,-1,-1.0,-1.0
m10_n10_s5.txt,10,10,75,53892,0.37442612648010254,7.381999492645264,1,115.20177912712097,1,-1,-1.0,-1.0
m10_n10_s6.txt,10,10,83,55908,0.24545502662658691,12.358850240707397,0,28.36571431159973,0,-1,-0.0,-0.0
m10_n10_s7.txt,10,10,67,39328,0.21940875053405762,7.600322484970093,0,71.07761669158936,0,-1,-0.0,-0.0
m10_n10_s8.txt,10,10,53,26976,0.27307558059692383,3.705601930618286,1,41.73467707633972,1,-1,-1.0,-1.0
m10_n10_s9.txt,10,10,72,43440,0.25024986267089844,10.288220167160034,0,29.66616916656494,0,-1,-0.0,-0.0
m10_n5_s1.txt,10,5,21,2304,0.042673587799072266,0.29038500785827637,964,3.7869410514831543,1561,-1,-964.0,-1561.0
m10_n5_s10.txt,10,5,41,12800,0.0956733226776123,1.787353277206421,0,30.664676427841187,1,-1,-0.0,-1.0
m10_n5_s2.txt,10,5,36,9968,0.05491375923156738,1.5278565883636475,5,24.360610485076904,5,-1,-5.0,-5.0
m10_n5_s3.txt,10,5,26,5072,0.0521848201751709,3.2033982276916504,21,15.852396011352539,32,-1,-21.0,-32.0
m10_n5_s4.txt,10,5,36,10020,0.057732343673706055,1.2973496913909912,0,23.052890062332153,0,-1,-0.0,-0.0
m10_n5_s5.txt,10,5,41,13168,0.08425688743591309,2.857506275177002,0,34.00048494338989,0,-1,-0.0,-0.0
m10_n5_s6.txt,10,5,36,10032,0.05720853805541992,3.9191181659698486,18,23.47380304336548,32,-1,-18.0,-32.0
m10_n5_s7.txt,10,5,35,8864,0.05833792686462402,4.414509534835815,1,26.823147535324097,1,-1,-1.0,-1.0
m10_n5_s8.txt,10,5,30,7928,0.0593109130859375,8.682750463485718,5,12.44028902053833,5,-1,-5.0,-5.0
m10_n5_s9.txt,10,5,38,11008,0.05663728713989258,3.600505828857422,1,28.29617738723755,1,-1,-1.0,-1.0
m10_n6_s1.txt,10,6,39,11448,0.08695483207702637,1.2555210590362549,0,24.305169343948364,1,-1,-0.0,-1.0
m10_n6_s10.txt,10,6,42,13000,0.07756519317626953,1.7537822723388672,9,27.999958038330078,56,-1,-9.0,-56.0
m10_n6_s2.txt,10,6,34,9768,0.0713047981262207,8.599681615829468,1,2727.9387249946594,1,-1,-1.0,-1.0
m10_n6_s3.txt,10,6,46,16372,0.08290767669677734,4.659874200820923,0,3.7692272663116455,1,-1,-0.0,-1.0
m10_n6_s4.txt,10,6,37,11688,0.08115887641906738,7.190334796905518,5,11.952064275741577,0,-1,-5.0,-0.0
m10_n6_s5.txt,10,6,47,18712,0.0947577953338623,3.5602827072143555,0,41.3569655418396,0,-1,-0.0,-0.0
m10_n6_s6.txt,10,6,53,21280,0.09612345695495605,3.19813871383667,0,68.15049719810486,20,-1,-0.0,-20.0
m10_n6_s7.txt,10,6,43,14288,0.08465886116027832,4.08563756942749,1,8.950759172439575,1,-1,-1.0,-1.0
m10_n6_s8.txt,10,6,38,11712,0.0787053108215332,7.37825870513916,21,20.770771265029907,25,-1,-21.0,-25.0
m10_n6_s9.txt,10,6,50,20416,0.0943899154663086,3.208613157272339,0,39.34496879577637,0,-1,-0.0,-0.0
m10_n7_s1.txt,10,7,32,7452,0.0852041244506836,3.571756362915039,8,22.084047317504883,10,-1,-8.0,-10.0
m10_n7_s10.txt,10,7,54,24424,0.1239626407623291,9.039395332336426,0,6.276425838470459,0,-1,-0.0,-0.0
m10_n7_s2.txt,10,7,51,22276,0.14487743377685547,11.58586835861206,0,0.1815810203552246,0,-1,-0.0,-0.0
m10_n7_s3.txt,10,7,39,12096,0.08990764617919922,1.640852689743042,2,28.43722701072693,39,-1,-2.0,-39.0
m10_n7_s4.txt,10,7,52,22668,0.11255860328674316,8.942548513412476,0,41.39599561691284,1,-1,-0.0,-1.0
m10_n7_s5.txt,10,7,51,22052,0.11416029930114746,24.020963191986084,0,0.05838441848754883,0,-1,-0.0,-0.0
m10_n7_s6.txt,10,7,53,23352,0.12833404541015625,4.84191632270813,1,4.955469608306885,1,-1,-1.0,-1.0
m10_n7_s7.txt,10,7,53,21792,0.12338018417358398,3.2077457904815674,0,43.16956901550293,1,-1,-0.0,-1.0
m10_n7_s8.txt,10,7,39,14520,0.09335899353027344,15.427809715270996,352,29.39462900161743,1004,-1,-352.0,-1004.0
m10_n7_s9.txt,10,7,52,22136,0.11166214942932129,3.873131513595581,0,41.36642599105835,0,-1,-0.0,-0.0
m10_n8_s1.txt,10,8,48,19980,0.13388609886169434,2.548236608505249,1,37.17016386985779,1,-1,-1.0,-1.0
m10_n8_s10.txt,10,8,55,24860,0.13645386695861816,3.7895665168762207,0,52.52186179161072,21,-1,-0.0,-21.0
m10_n8_s2.txt,10,8,51,22764,0.14606785774230957,27.96687126159668,0,0.07456088066101074,0,-1,-0.0,-0.0
m10_n8_s3.txt,10,8,65,33404,0.16178631782531738,7.693906307220459,0,11.040678977966309,1,-1,-0.0,-1.0
m10_n8_s4.txt,10,8,49,21080,0.12839436531066895,6.950239658355713,1,8.820216655731201,1,-1,-1.0,-1.0
m10_n8_s5.txt,10,8,59,32996,0.1544504165649414,5.212062120437622,0,65.96938896179199,1,-1,-0.0,-1.0
m10_n8_s6.txt,10,8,65,33404,0.1590404510498047,6.356202602386475,0,10.98866605758667,1,-1,-0.0,-1.0
m10_n8_s7.txt,10,8,57,27784,0.1404561996459961,19.544410943984985,0,14.843647956848145,0,-1,-0.0,-0.0
m10_n8_s8.txt,10,8,46,18528,0.13010406494140625,4.3832268714904785,5,27.203696966171265,61,-1,-5.0,-61.0
m10_n8_s9.txt,10,8,62,31224,0.15176606178283691,5.720093250274658,0,30.66367268562317,1,-1,-0.0,-1.0
m10_n9_s1.txt,10,9,40,12720,0.17500042915344238,1.2235374450683594,2,31.641724824905396,18,-1,-2.0,-18.0
m10_n9_s10.txt,10,9,70,42028,0.23653411865234375,9.810730695724487,1,15.19318175315857,1,-1,-1.0,-1.0
m10_n9_s2.txt,10,9,72,45800,0.23531413078308105,11.210124492645264,0,117.07810688018799,0,-1,-0.0,-0.0
m10_n9_s3.txt,10,9,57,26304,0.17196941375732422,4.885589599609375,0,58.382505893707275,24,-1,-0.0,-24.0
m10_n9_s4.txt,10,9,63,34096,0.1891942024230957,15.80876898765564,0,63.60129141807556,1,-1,-0.0,-1.0
m10_n9_s5.txt,10,9,69,40776,0.2093181610107422,28.044301509857178,0,0.12841796875,0,-1,-0.0,-0.0
m10_n9_s6.txt,10,9,66,36288,0.18900060653686523,9.55718207359314,0,8.317248582839966,1,-1,-0.0,-1.0
m10_n9_s7.txt,10,9,75,46656,0.23572564125061035,6.46139931678772,0,124.13626503944397,144,-1,-0.0,-144.0
m10_n9_s8.txt,10,9,53,27964,0.1945662498474121,3.4887590408325195,1,51.61999273300171,1,-1,-1.0,-1.0
m10_n9_s9.txt,10,9,58,28416,0.2057945728302002,3.5765745639801025,0,56.209380865097046,0,-1,-0.0,-0.0
m5_n10_s1.txt,5,10,34,4048,0.0291898250579834,2.4885144233703613,0,6.975273609161377,0,-1,-0.0,-0.0
m5_n10_s10.txt,5,10,31,3228,0.043947458267211914,2.959886074066162,0,0.12056231498718262,0,-1,-0.0,-0.0
m5_n10_s2.txt,5,10,27,2268,0.02499222755432129,0.8948376178741455,125,3.9234421253204346,198,-1,-125.0,-198.0
m5_n10_s3.txt,5,10,29,2884,0.029412031173706055,2.6014163494110107,1,3.4485862255096436,1,-1,-1.0,-1.0
m5_n10_s4.txt,5,10,34,4068,0.026500225067138672,1.9168686866760254,1,2.8909478187561035,1,-1,-1.0,-1.0
m5_n10_s5.txt,5,10,31,3024,0.024600505828857422,0.5251321792602539,47,5.475357532501221,132,-1,-47.0,-132.0
m5_n10_s6.txt,5,10,35,4368,0.028325319290161133,2.40631365776062,0,3.626155376434326,0,-1,-0.0,-0.0
m5_n10_s7.txt,5,10,36,4560,0.03199267387390137,1.9822618961334229,1,23.21966290473938,1,-1,-1.0,-1.0
m5_n10_s8.txt,5,10,25,2132,0.02088642120361328,1.0410881042480469,559,3.9107372760772705,620,-1,-559.0,-620.0
m5_n10_s9.txt,5,10,31,3024,0.024448156356811523,0.9469373226165771,70,5.413820743560791,366,-1,-70.0,-366.0
m5_n5_s1.txt,5,5,20,1200,0.012598276138305664,0.3357570171356201,24,3.255099296569824,29,-1,-24.0,-29.0
m5_n5_s10.txt,5,5,17,816,0.011476278305053711,0.4885828495025635,178,2.9014883041381836,242,-1,-178.0,-242.0
m5_n5_s2.txt,5,5,12,360,0.009320497512817383,2.3747990131378174,14,0.06650829315185547,0,-1,-14.0,-0.0
m5_n5_s3.txt,5,5,17,864,0.011237144470214844,9.287161111831665,26,3.9325599670410156,26,-1,-26.0,-26.0
m5_n5_s4.txt,5,5,17,880,0.011650323867797852,7.674206495285034,2,0.07008647918701172,0,-1,-2.0,-0.0
m5_n5_s5.txt,5,5,17,816,0.011519193649291992,0.6297910213470459,9,2.5370068550109863,9,-1,-9.0,-9.0
m5_n5_s6.txt,5,5,18,1020,0.01125645637512207,3.8278872966766357,1,3.379441261291504,1,-1,-1.0,-1.0
m5_n5_s7.txt,5,5,18,1020,0.009994983673095703,0.9075658321380615,68,2.6735239028930664,76,-1,-68.0,-76.0
m5_n5_s8.txt,5,5,15,700,0.010886907577514648,4.229275941848755,11,0.0640709400177002,0,-1,-11.0,-0.0
m5_n5_s9.txt,5,5,17,816,0.014124631881713867,0.2314310073852539,138,2.684971809387207,242,-1,-138.0,-242.0
m5_n6_s1.txt,5,6,21,1452,0.015766620635986328,3.822948694229126,1,0.08498048782348633,0,-1,-1.0,-0.0
m5_n6_s10.txt,5,6,17,832,0.013809680938720703,2.186552047729492,1,3.4988203048706055,1,-1,-1.0,-1.0
m5_n6_s2.txt,5,6,15,672,0.011375904083251953,1.5965070724487305,116,2.654179334640503,116,-1,-116.0,-116.0
m5_n6_s3.txt,5,6,20,1276,0.014823436737060547,8.343162536621094,1,0.08273530006408691,0,-1,-1.0,-0.0
m5_n6_s4.txt,5,6,21,1476,0.014446258544921875,0.7900433540344238,1,3.4248714447021484,1,-1,-1.0,-1.0
m5_n6_s5.txt,5,6,15,576,0.011034250259399414,0.7775447368621826,36,2.705355405807495,36,-1,-36.0,-36.0
m5_n6_s6.txt,5,6,23,1680,0.01807117462158203,1.8458685874938965,1,4.1709959506988525,1,-1,-1.0,-1.0
m5_n6_s7.txt,5,6,23,1680,0.016057968139648438,0.484511137008667,97,3.015202522277832,222,-1,-97.0,-222.0
m5_n6_s8.txt,5,6,15,684,0.012194156646728516,2.6343770027160645,120,2.657412528991699,120,-1,-120.0,-120.0
m5_n6_s9.txt,5,6,20,1220,0.013729333877563477,0.9454052448272705,19,3.1842353343963623,19,-1,-19.0,-19.0
m5_n7_s1.txt,5,7,24,1888,0.01687908172607422,7.881333827972412,0,0.061771392822265625,0,-1,-0.0,-0.0
m5_n7_s10.txt,5,7,22,1440,0.014904975891113281,0.8409371376037598,337,3.0123798847198486,562,-1,-337.0,-562.0
m5_n7_s2.txt,5,7,14,480,0.013988971710205078,4.520572662353516,1,0.04343581199645996,0,-1,-1.0,-0.0
m5_n7_s3.txt,5,7,27,2376,0.019495248794555664,2.1978375911712646,1,3.698863983154297,1,-1,-1.0,-1.0
m5_n7_s4.txt,5,7,21,1452,0.01656198501586914,3.8722634315490723,0,0.05085444450378418,0,-1,-0.0,-0.0
m5_n7_s5.txt,5,7,22,1440,0.015666961669921875,0.8166427612304688,13,3.1572399139404297,13,-1,-13.0,-13.0
m5_n7_s6.txt,5,7,26,2244,0.018146753311157227,4.429622411727905,1,0.07477569580078125,0,-1,-1.0,-0.0
m5_n7_s7.txt,5,7,24,1980,0.017473220825195312,0.9687566757202148,34,5.0927979946136475,38,-1,-34.0,-38.0
m5_n7_s8.txt,5,7,18,1020,0.014528512954711914,2.12241268157959,13,2.824716091156006,13,-1,-13.0,-13.0
m5_n7_s9.txt,5,7,22,1440,0.015152454376220703,0.5556325912475586,81,2.4572062492370605,144,-1,-81.0,-144.0
m5_n8_s1.txt,5,8,29,2868,0.019511938095092773,1.9104564189910889,1,5.506182670593262,1,-1,-1.0,-1.0
m5_n8_s10.txt,5,8,25,1960,0.019475460052490234,1.7851555347442627,1,2.5466268062591553,1,-1,-1.0,-1.0
m5_n8_s2.txt,5,8,22,1476,0.017759323120117188,1.5071027278900146,305,3.15059757232666,328,-1,-305.0,-328.0
m5_n8_s3.txt,5,8,24,1920,0.019769668579101562,5.133518218994141,1,0.09628152847290039,0,-1,-1.0,-0.0
m5_n8_s4.txt,5,8,29,2892,0.018687963485717773,1.1686320304870605,1,2.87422251701355,1,-1,-1.0,-1.0
m5_n8_s5.txt,5,8,26,2088,0.019472599029541016,0.29329776763916016,88,3.0137877464294434,288,-1,-88.0,-288.0
m5_n8_s6.txt,5,8,30,3036,0.01958298683166504,1.6673824787139893,1,4.716951370239258,1,-1,-1.0,-1.0
m5_n8_s7.txt,5,8,30,3024,0.019499778747558594,0.4922635555267334,1,10.25994610786438,1,-1,-1.0,-1.0
m5_n8_s8.txt,5,8,20,1296,0.01652050018310547,0.6493589878082275,362,3.204453468322754,376,-1,-362.0,-376.0
m5_n8_s9.txt,5,8,26,2088,0.021533727645874023,0.5607821941375732,26,3.4543118476867676,190,-1,-26.0,-190.0
m5_n9_s1.txt,5,9,31,3308,0.021336793899536133,3.426126718521118,0,4.426817893981934,0,-1,-0.0,-0.0
m5_n9_s10.txt,5,9,29,2704,0.020703554153442383,1.4911653995513916,64,5.000492334365845,67,-1,-64.0,-67.0
m5_n9_s2.txt,5,9,25,1896,0.020368337631225586,2.918877601623535,1,0.04825758934020996,0,-1,-1.0,-0.0
m5_n9_s3.txt,5,9,32,3468,0.023087024688720703,1.8113842010498047,1,0.052733659744262695,0,-1,-1.0,-0.0
m5_n9_s4.txt,5,9,27,2424,0.019162416458129883,1.9103960990905762,1,3.265493869781494,1,-1,-1.0,-1.0
m5_n9_s5.txt,5,9,27,2232,0.022979259490966797,0.34450578689575195,4,3.9175965785980225,17,-1,-4.0,-17.0
m5_n9_s6.txt,5,9,34,3948,0.0246126651763916,0.6542069911956787,1,2.6019327640533447,1,-1,-1.0,-1.0
m5_n9_s7.txt,5,9,31,3408,0.022062301635742188,1.8454241752624512,1,15.284693479537964,1,-1,-1.0,-1.0
m5_n9_s8.txt,5,9,26,2244,0.021597862243652344,1.727940320968628,12,3.077617883682251,13,-1,-12.0,-13.0
m5_n9_s9.txt,5,9,30,2856,0.022862672805786133,0.4907987117767334,47,4.682699203491211,366,-1,-47.0,-366.0
m6_n10_s1.txt,6,10,44,8688,0.048792362213134766,1.1818821430206299,2,29.65786910057068,15,-1,-2.0,-15.0
m6_n10_s10.txt,6,10,44,8520,0.0483393669128418,5.897334814071655,0,0.05237150192260742,0,-1,-0.0,-0.0
m6_n10_s2.txt,6,10,38,5880,0.04108262062072754,1.8252007961273193,80,11.144677877426147,233,-1,-80.0,-233.0
m6_n10_s3.txt,6,10,38,6096,0.0416569709777832,2.7829220294952393,1,2.846168041229248,1,-1,-1.0,-1.0
m6_n10_s4.txt,6,10,42,7776,0.042406320571899414,9.201141595840454,0,0.04982161521911621,0,-1,-0.0,-0.0
m6_n10_s5.txt,6,10,44,8496,0.04990410804748535,2.524286985397339,0,23.57849383354187,1,-1,-0.0,-1.0
m6_n10_s6.txt,6,10,45,8740,0.049967288970947266,1.151108741760254,1,25.017320156097412,1,-1,-1.0,-1.0
m6_n10_s7.txt,6,10,40,7248,0.04323220252990723,1.926757574081421,1,5.462398529052734,1,-1,-1.0,-1.0
m6_n10_s8.txt,6,10,37,6784,0.04828047752380371,1.7874257564544678,1,19.98207712173462,1,-1,-1.0,-1.0
m6_n10_s9.txt,6,10,40,6748,0.04858517646789551,1.6883296966552734,9,21.725383043289185,21,-1,-9.0,-21.0
m6_n5_s1.txt,6,5,23,2144,0.017605066299438477,1.5246226787567139,1,2.871582508087158,1,-1,-1.0,-1.0
m6_n5_s10.txt,6,5,22,1824,0.016503095626831055,3.4575045108795166,42,3.4443774223327637,50,-1,-42.0,-50.0
m6_n5_s2.txt,6,5,13,480,0.012054920196533203,0.8059186935424805,34,3.0748066902160645,34,-1,-34.0,-34.0
m6_n5_s3.txt,6,5,21,1600,0.016204357147216797,0.25291919708251953,86,3.3113808631896973,136,-1,-86.0,-136.0
m6_n5_s4.txt,6,5,20,1584,0.013550281524658203,8.7862069606781,58,2.532310962677002,58,-1,-58.0,-58.0
m6_n5_s5.txt,6,5,21,1600,0.016393661499023438,0.3939173221588135,10,2.7963294982910156,17,-1,-10.0,-17.0
m6_n5_s6.txt,6,5,21,1600,0.01652240753173828,0.5382242202758789,94,3.133641242980957,136,-1,-94.0,-136.0
m6_n5_s7.txt,6,5,20,1584,0.01604747772216797,1.374187707901001,13,2.6666860580444336,13,-1,-13.0,-13.0
m6_n5_s8.txt,6,5,21,1776,0.01965188980102539,1.757899522781372,1,2.6005852222442627,1,-1,-1.0,-1.0
m6_n5_s9.txt,6,5,24,2272,0.017974376678466797,3.8956987857818604,1,2.861239194869995,1,-1,-1.0,-1.0
m6_n6_s1.txt,6,6,27,2880,0.022152423858642578,1.6029016971588135,1,2.3300728797912598,1,-1,-1.0,-1.0
m6_n6_s10.txt,6,6,24,2360,0.02053546905517578,6.40724515914917,1,0.0728905200958252,0,-1,-1.0,-0.0
m6_n6_s2.txt,6,6,14,560,0.014667034149169922,0.8764514923095703,154,3.0514137744903564,154,-1,-154.0,-154.0
m6_n6_s3.txt,6,6,25,2468,0.026270627975463867,0.856102466583252,6,5.587403297424316,6,-1,-6.0,-6.0
m6_n6_s4.txt,6,6,30,3600,0.022383689880371094,0.5347976684570312,23,8.105762004852295,39,-1,-23.0,-39.0
m6_n6_s5.txt,6,6,24,2352,0.020560741424560547,1.0285205841064453,1,4.331598520278931,1,-1,-1.0,-1.0
m6_n6_s6.txt,6,6,27,3020,0.022136211395263672,3.9103071689605713,0,4.000525236129761,0,-1,-0.0,-0.0
m6_n6_s7.txt,6,6,29,3440,0.026799440383911133,0.8470871448516846,1,8.807603359222412,1,-1,-1.0,-1.0
m6_n6_s8.txt,6,6,23,2324,0.02058577537536621,5.3190529346466064,1,2.547045946121216,1,-1,-1.0,-1.0
m6_n6_s9.txt,6,6,24,2252,0.01987171173095703,0.27585887908935547,0,4.242596387863159,19,-1,-0.0,-19.0
m6_n7_s1.txt,6,7,29,3664,0.030419349670410156,3.102194309234619,1,0.059101104736328125,0,-1,-1.0,-0.0
m6_n7_s10.txt,6,7,31,3984,0.02542853355407715,6.556698560714722,1,0.10951471328735352,0,-1,-1.0,-0.0
m6_n7_s2.txt,6,7,19,1200,0.01865839958190918,1.1160812377929688,329,2.9097142219543457,338,-1,-329.0,-338.0
m6_n7_s3.txt,6,7,30,3676,0.023964405059814453,0.984210729598999,7,8.663065910339355,17,-1,-7.0,-17.0
m6_n7_s4.txt,6,7,30,3808,0.02488422393798828,12.170732736587524,82,3.5222859382629395,82,-1,-82.0,-82.0
m6_n7_s5.txt,6,7,27,2800,0.030016183853149414,0.6858358383178711,7,4.984286785125732,25,-1,-7.0,-25.0
m6_n7_s6.txt,6,7,32,4344,0.026883363723754883,1.2015979290008545,0,16.09215235710144,1,-1,-0.0,-1.0
m6_n7_s7.txt,6,7,28,3480,0.023212432861328125,0.7346551418304443,5,4.42414402961731,8,-1,-5.0,-8.0
m6_n7_s8.txt,6,7,30,3928,0.026433706283569336,7.46769642829895,1,3.477612018585205,1,-1,-1.0,-1.0
m6_n7_s9.txt,6,7,32,4344,0.024483919143676758,3.925987720489502,1,3.063166618347168,1,-1,-1.0,-1.0
m6_n8_s1.txt,6,8,33,4576,0.02843475341796875,1.2220633029937744,1,7.609628915786743,3,-1,-1.0,-3.0
m6_n8_s10.txt,6,8,32,4480,0.028380632400512695,6.875546455383301,1,0.13455915451049805,0,-1,-1.0,-0.0
m6_n8_s2.txt,6,8,24,2080,0.025304794311523438,0.2763359546661377,17,3.103663682937622,136,-1,-17.0,-136.0
m6_n8_s3.txt,6,8,32,4260,0.028022050857543945,2.5290675163269043,1,2.388883590698242,1,-1,-1.0,-1.0
m6_n8_s4.txt,6,8,36,5512,0.04183387756347656,2.2747583389282227,0,2.5970895290374756,0,-1,-0.0,-0.0
m6_n8_s5.txt,6,8,38,6288,0.03255796432495117,0.8688111305236816,0,18.78699493408203,1,-1,-0.0,-1.0
m6_n8_s6.txt,6,8,39,6496,0.03571009635925293,0.8284778594970703,1,26.20564579963684,1,-1,-1.0,-1.0
m6_n8_s7.txt,6,8,32,4368,0.031066179275512695,1.7297861576080322,1,3.0851762294769287,1,-1,-1.0,-1.0
m6_n8_s8.txt,6,8,31,4476,0.029563426971435547,0.6725118160247803,1,8.540454149246216,1,-1,-1.0,-1.0
m6_n8_s9.txt,6,8,34,4804,0.03222537040710449,1.5133590698242188,3,13.95890760421753,39,-1,-3.0,-39.0
m6_n9_s1.txt,6,9,38,6584,0.03832888603210449,4.232682704925537,0,0.05813169479370117,0,-1,-0.0,-0.0
m6_n9_s10.txt,6,9,43,8144,0.04312634468078613,2.685239791870117,0,8.290844917297363,1,-1,-0.0,-1.0
m6_n9_s2.txt,6,9,29,3200,0.031386375427246094,4.247219085693359,749,4.513045310974121,1439,-1,-749.0,-1439.0
m6_n9_s3.txt,6,9,33,4512,0.03359532356262207,4.952247142791748,0,2.2968316078186035,0,-1,-0.0,-0.0
m6_n9_s4.txt,6,9,34,4976,0.0336756706237793,4.5969953536987305,1,2.8255558013916016,1,-1,-1.0,-1.0
m6_n9_s5.txt,6,9,35,5072,0.03368330001831055,2.2851316928863525,1,17.555988073349,1,-1,-1.0,-1.0
m6_n9_s6.txt,6,9,40,7088,0.0372004508972168,2.014676094055176,1,19.709484815597534,1,-1,-1.0,-1.0
m6_n9_s7.txt,6,9,34,5296,0.03884172439575195,0.6331567764282227,1,11.028353214263916,31,-1,-1.0,-31.0
m6_n9_s8.txt,6,9,35,5808,0.035215139389038086,6.543349504470825,1,8.049391508102417,1,-1,-1.0,-1.0
m6_n9_s9.txt,6,9,42,7712,0.04594588279724121,4.193494558334351,1,23.19194984436035,1,-1,-1.0,-1.0
m7_n10_s1.txt,7,10,45,11640,0.07684659957885742,3.8875584602355957,0,29.497615575790405,0,-1,-0.0,-0.0
m7_n10_s10.txt,7,10,44,9828,0.07072639465332031,1.2194092273712158,0,26.72501301765442,46,-1,-0.0,-46.0
m7_n10_s2.txt,7,10,41,9324,0.06179690361022949,2.7413763999938965,7,20.437233686447144,47,-1,-7.0,-47.0
m7_n10_s3.txt,7,10,46,12164,0.07167840003967285,4.697869777679443,1,17.342315435409546,1,-1,-1.0,-1.0
m7_n10_s4.txt,7,10,49,13808,0.07157444953918457,12.825292587280273,0,0.05768871307373047,0,-1,-0.0,-0.0
m7_n10_s5.txt,7,10,56,17500,0.09056830406188965,1.9933607578277588,2,38.457157611846924,49,-1,-2.0,-49.0
m7_n10_s6.txt,7,10,50,14764,0.08201479911804199,16.222132444381714,0,2.9184515476226807,0,-1,-0.0,-0.0
m7_n10_s7.txt,7,10,49,12432,0.06979703903198242,2.080554723739624,1,30.345579147338867,1,-1,-1.0,-1.0
m7_n10_s8.txt,7,10,50,14520,0.07123684883117676,1.493798017501831,0,26.622196674346924,1,-1,-0.0,-1.0
m7_n10_s9.txt,7,10,58,17928,0.08579039573669434,2.939192533493042,0,37.04130721092224,72,-1,-0.0,-72.0
m7_n5_s1.txt,7,5,25,2760,0.02357196807861328,0.7218677997589111,17,4.824858665466309,79,-1,-17.0,-79.0
m7_n5_s10.txt,7,5,17,1188,0.019195079803466797,2.0247151851654053,1,2.2859621047973633,1,-1,-1.0,-1.0
m7_n5_s2.txt,7,5,20,2036,0.019827842712402344,1.5814123153686523,38,3.591273784637451,40,-1,-38.0,-40.0
m7_n5_s3.txt,7,5,20,1860,0.020557880401611328,1.0078282356262207,49,3.002678871154785,49,-1,-49.0,-49.0
m7_n5_s4.txt,7,5,25,3000,0.023363351821899414,1.8134620189666748,5,3.7298519611358643,5,-1,-5.0,-5.0
m7_n5_s5.txt,7,5,28,3880,0.02431654930114746,2.0557944774627686,1,11.569364547729492,1,-1,-1.0,-1.0
m7_n5_s6.txt,7,5,27,3740,0.029739856719970703,0.9004073143005371,0,7.952061176300049,0,-1,-0.0,-0.0
m7_n5_s7.txt,7,5,19,1696,0.01763319969177246,12.778366327285767,1,0.048828125,0,-1,-1.0,-0.0
m7_n5_s8.txt,7,5,21,2312,0.021190404891967773,0.4269986152648926,19,3.858191967010498,29,-1,-19.0,-29.0
m7_n5_s9.txt,7,5,27,3608,0.026233911514282227,0.9174859523773193,1,5.893781900405884,1,-1,-1.0,-1.0
m7_n6_s1.txt,7,6,26,3556,0.02979445457458496,12.05137300491333,2,3.7832601070404053,2,-1,-2.0,-2.0
m7_n6_s10.txt,7,6,30,4336,0.03649020195007324,0.6050553321838379,6,8.976070642471313,73,-1,-6.0,-73.0
m7_n6_s2.txt,7,6,23,2500,0.025168895721435547,1.4314894676208496,17,3.2581350803375244,17,-1,-17.0,-17.0
m7_n6_s3.txt,7,6,26,3320,0.033400535583496094,1.181304693222046,9,4.421072959899902,25,-1,-9.0,-25.0
m7_n6_s4.txt,7,6,35,6100,0.031995534896850586,0.7342569828033447,0,20.177759408950806,33,-1,-0.0,-33.0
m7_n6_s5.txt,7,6,34,5920,0.0319666862487793,1.610595703125,1,16.56604027748108,1,-1,-1.0,-1.0
m7_n6_s6.txt,7,6,28,4540,0.03070354461669922,5.1620776653289795,12,9.416593790054321,12,-1,-12.0,-12.0
m7_n6_s7.txt,7,6,23,2376,0.023676633834838867,1.488389015197754,5,4.924519777297974,5,-1,-5.0,-5.0
m7_n6_s8.txt,7,6,29,4360,0.031301021575927734,1.4465060234069824,1,7.872314691543579,1,-1,-1.0,-1.0
m7_n6_s9.txt,7,6,33,5560,0.030137062072753906,4.668368577957153,1,3.366147518157959,1,-1,-1.0,-1.0
m7_n7_s1.txt,7,7,36,6456,0.03779482841491699,1.026571273803711,5,21.667186975479126,15,-1,-5.0,-15.0
m7_n7_s10.txt,7,7,29,3984,0.03272438049316406,3.5893754959106445,1,3.0318355560302734,1,-1,-1.0,-1.0
m7_n7_s2.txt,7,7,28,4136,0.03287053108215332,0.7714042663574219,0,4.3756585121154785,0,-1,-0.0,-0.0
m7_n7_s3.txt,7,7,31,5000,0.03449201583862305,1.0222513675689697,1,9.14290714263916,1,-1,-1.0,-1.0
m7_n7_s4.txt,7,7,34,5988,0.03846430778503418,4.953128337860107,1,0.06377625465393066,0,-1,-1.0,-0.0
m7_n7_s5.txt,7,7,40,8340,0.04734063148498535,4.5495617389678955,14,21.947449207305908,133,-1,-14.0,-133.0
m7_n7_s6.txt,7,7,39,8160,0.04047656059265137,1.243940830230713,1,21.524471044540405,1,-1,-1.0,-1.0
m7_n7_s7.txt,7,7,30,4464,0.032758474349975586,1.0062580108642578,9,11.986994743347168,13,-1,-9.0,-13.0
m7_n7_s8.txt,7,7,29,4520,0.03828573226928711,1.8986806869506836,1,4.690747499465942,1,-1,-1.0,-1.0
m7_n7_s9.txt,7,7,40,8172,0.05984854698181152,0.9379391670227051,0,24.327808141708374,25,-1,-0.0,-25.0
m7_n8_s1.txt,7,8,36,7268,0.04626154899597168,1.8581733703613281,0,21.286107540130615,0,-1,-0.0,-0.0
m7_n8_s10.txt,7,8,37,6812,0.044727325439453125,1.0853052139282227,7,19.283583164215088,40,-1,-7.0,-40.0
m7_n8_s2.txt,7,8,32,5288,0.04105329513549805,1.106325387954712,3,6.711340665817261,5,-1,-3.0,-5.0
m7_n8_s3.txt,7,8,36,7040,0.04465842247009277,2.791546583175659,1,16.710510969161987,1,-1,-1.0,-1.0
m7_n8_s4.txt,7,8,40,8720,0.048261404037475586,11.702539920806885,1,0.21908140182495117,0,-1,-1.0,-0.0
m7_n8_s5.txt,7,8,45,10940,0.06805205345153809,1.4227626323699951,0,27.64789390563965,1,-1,-0.0,-1.0
m7_n8_s6.txt,7,8,39,8852,0.05188250541687012,6.586175918579102,0,16.12445068359375,0,-1,-0.0,-0.0
m7_n8_s7.txt,7,8,37,6812,0.04439973831176758,1.0744199752807617,1,21.04232144355774,1,-1,-1.0,-1.0
m7_n8_s8.txt,7,8,40,8800,0.049565792083740234,1.391296625137329,1,20.32554292678833,1,-1,-1.0,-1.0
m7_n8_s9.txt,7,8,46,11004,0.05623817443847656,1.6373727321624756,1,28.27571678161621,14,-1,-1.0,-14.0
m7_n9_s1.txt,7,9,47,11672,0.062270164489746094,1.5145549774169922,1,30.377917051315308,1,-1,-1.0,-1.0
m7_n9_s10.txt,7,9,39,7860,0.052703857421875,8.649022817611694,0,2.8176558017730713,0,-1,-0.0,-0.0
m7_n9_s2.txt,7,9,37,7564,0.050719499588012695,7.484232187271118,0,3.1606972217559814,0,-1,-0.0,-0.0
m7_n9_s3.txt,7,9,39,8100,0.0601503849029541,2.976731300354004,1,21.797571897506714,1,-1,-1.0,-1.0
m7_n9_s4.txt,7,9,40,9120,0.054975032806396484,15.322057723999023,0,0.06369972229003906,0,-1,-0.0,-0.0
m7_n9_s5.txt,7,9,47,11672,0.060744524002075195,2.21079683303833,0,26.90035605430603,0,-1,-0.0,-0.0
m7_n9_s6.txt,7,9,50,13900,0.06589984893798828,2.810883045196533,0,10.743307113647461,0,-1,-0.0,-0.0
m7_n9_s7.txt,7,9,42,9164,0.05810093879699707,1.3494477272033691,9,26.43890118598938,12,-1,-9.0,-12.0
m7_n9_s8.txt,7,9,34,6200,0.047957658767700195,1.8627545833587646,185,10.63261365890503,752,-1,-185.0,-752.0
m7_n9_s9.txt,7,9,49,12792,0.06453633308410645,4.723456859588623,1,10.902058601379395,1,-1,-1.0,-1.0
m8_n10_s1.txt,8,10,35,7152,0.08875274658203125,2.612340211868286,2,21.771496534347534,14,-1,-2.0,-14.0
m8_n10_s10.txt,8,10,51,16656,0.09976053237915039,14.777910947799683,1,13.27156400680542,1,-1,-1.0,-1.0
m8_n10_s2.txt,8,10,62,23880,0.12212634086608887,3.5978050231933594,0,47.51995277404785,1,-1,-0.0,-1.0
m8_n10_s3.txt,8,10,59,23608,0.11397528648376465,5.068049907684326,0,32.538678884506226,1,-1,-0.0,-1.0
m8_n10_s4.txt,8,10,53,18864,0.10551166534423828,3.399305582046509,0,35.49913501739502,0,-1,-0.0,-0.0
m8_n10_s5.txt,8,10,54,20424,0.10721468925476074,11.765296697616577,0,14.363951921463013,0,-1,-0.0,-0.0
m8_n10_s6.txt,8,10,58,22600,0.11215662956237793,4.7380475997924805,0,23.839705228805542,0,-1,-0.0,-0.0
m8_n10_s7.txt,8,10,51,17856,0.10891437530517578,2.7909905910491943,0,8.986534833908081,0,-1,-0.0,-0.0
m8_n10_s8.txt,8,10,51,18208,0.1013331413269043,5.479102611541748,0,33.8121132850647,0,-1,-0.0,-0.0
m8_n10_s9.txt,8,10,67,28968,0.12738537788391113,5.0674357414245605,0,63.98500204086304,1,-1,-0.0,-1.0
m8_n5_s1.txt,8,5,26,3624,0.033454179763793945,1.6494669914245605,1,7.879075765609741,1,-1,-1.0,-1.0
m8_n5_s10.txt,8,5,24,3048,0.029215097427368164,2.349823236465454,1,4.361727714538574,1,-1,-1.0,-1.0
m8_n5_s2.txt,8,5,26,3812,0.03345751762390137,1.295098066329956,1,8.433757543563843,1,-1,-1.0,-1.0
m8_n5_s3.txt,8,5,28,4752,0.032857418060302734,1.153620958328247,1,8.113807678222656,1,-1,-1.0,-1.0
m8_n5_s4.txt,8,5,18,1836,0.02538466453552246,2.6593003273010254,1,0.06004023551940918,0,-1,-1.0,-0.0
m8_n5_s5.txt,8,5,29,4944,0.03147101402282715,0.6175055503845215,73,13.150201082229614,200,-1,-73.0,-200.0
m8_n5_s6.txt,8,5,34,6528,0.03503894805908203,0.758094310760498,0,20.783597469329834,1,-1,-0.0,-1.0
m8_n5_s7.txt,8,5,21,2712,0.027359962463378906,1.7367372512817383,230,3.9558377265930176,260,-1,-230.0,-260.0
m8_n5_s8.txt,8,5,32,6216,0.03490710258483887,2.432687520980835,1,11.75558614730835,1,-1,-1.0,-1.0
m8_n5_s9.txt,8,5,29,4932,0.030145645141601562,6.647516489028931,1,2.5578184127807617,1,-1,-1.0,-1.0
m8_n6_s1.txt,8,6,22,2472,0.06945228576660156,1.3463244438171387,63,3.605201005935669,86,-1,-63.0,-86.0
m8_n6_s10.txt,8,6,25,3504,0.03643512725830078,2.6147265434265137,240,5.360469818115234,240,-1,-240.0,-240.0
m8_n6_s2.txt,8,6,27,4132,0.03406667709350586,1.781378984451294,1,8.650500059127808,1,-1,-1.0,-1.0
m8_n6_s3.txt,8,6,37,8976,0.04659271240234375,2.5632495880126953,0,22.516592979431152,1,-1,-0.0,-1.0
m8_n6_s4.txt,8,6,38,8964,0.04770088195800781,2.771907091140747,0,26.800814628601074,0,-1,-0.0,-0.0
m8_n6_s5.txt,8,6,32,6672,0.04188680648803711,10.247926950454712,0,4.382059574127197,0,-1,-0.0,-0.0
m8_n6_s6.txt,8,6,34,7944,0.04436993598937988,1.1023156642913818,6,23.916283130645752,23,-1,-6.0,-23.0
m8_n6_s7.txt,8,6,28,4740,0.03771328926086426,5.075375556945801,1,5.061811923980713,1,-1,-1.0,-1.0
m8_n6_s8.txt,8,6,24,3384,0.035642147064208984,7.644819736480713,1,3.74820613861084,1,-1,-1.0,-1.0
m8_n6_s9.txt,8,6,35,7620,0.0456693172454834,8.432884216308594,1,3.149852752685547,1,-1,-1.0,-1.0
m8_n7_s1.txt,8,7,32,6000,0.049016475677490234,2.299502372741699,1,12.237724542617798,1,-1,-1.0,-1.0
m8_n7_s10.txt,8,7,27,4200,0.04836297035217285,2.3121182918548584,61,4.9686195850372314,97,-1,-61.0,-97.0
m8_n7_s2.txt,8,7,34,6808,0.050428152084350586,2.5635266304016113,35,20.6578049659729,37,-1,-35.0,-37.0
m8_n7_s3.txt,8,7,37,8592,0.051389455795288086,4.5867908000946045,0,12.856199741363525,0,-1,-0.0,-0.0
m8_n7_s4.txt,8,7,35,7584,0.04847598075866699,2.825639247894287,0,10.54236364364624,0,-1,-0.0,-0.0
m8_n7_s5.txt,8,7,43,11376,0.057408809661865234,3.144153356552124,0,27.821882963180542,1,-1,-0.0,-1.0
m8_n7_s6.txt,8,7,48,13824,0.07781028747558594,1.8273978233337402,0,36.94364047050476,0,-1,-0.0,-0.0
m8_n7_s7.txt,8,7,33,7296,0.052539825439453125,2.73684024810791,225,12.74011754989624,241,-1,-225.0,-241.0
m8_n7_s8.txt,8,7,40,10224,0.06368255615234375,2.501929759979248,213,17.373639822006226,970,-1,-213.0,-970.0
m8_n7_s9.txt,8,7,46,13272,0.0714716911315918,1.793705701828003,0,35.01610612869263,17,-1,-0.0,-17.0
m8_n8_s1.txt,8,8,30,4932,0.055960655212402344,1.0383853912353516,52,8.44831371307373,178,-1,-52.0,-178.0
m8_n8_s10.txt,8,8,38,8880,0.061811208724975586,13.07287049293518,377,20.606696605682373,536,-1,-377.0,-536.0
m8_n8_s2.txt,8,8,42,10404,0.06524324417114258,1.011361837387085,0,26.412373542785645,41,-1,-0.0,-41.0
m8_n8_s3.txt,8,8,50,17040,0.07909727096557617,2.469813108444214,0,25.22931957244873,1,-1,-0.0,-1.0
m8_n8_s4.txt,8,8,46,13704,0.07768511772155762,4.640488624572754,0,6.614725828170776,0,-1,-0.0,-0.0
m8_n8_s5.txt,8,8,42,12036,0.07248473167419434,6.795170307159424,0,29.767754793167114,0,-1,-0.0,-0.0
m8_n8_s6.txt,8,8,48,15768,0.0778660774230957,3.035555362701416,0,35.08488464355469,0,-1,-0.0,-0.0
m8_n8_s7.txt,8,8,39,10116,0.06499290466308594,4.252909421920776,1,13.569992303848267,1,-1,-1.0,-1.0
m8_n8_s8.txt,8,8,40,10548,0.06358170509338379,1.573108196258545,1,20.80961012840271,1,-1,-1.0,-1.0
m8_n8_s9.txt,8,8,53,17832,0.0848531723022461,2.613499641418457,0,43.24781346321106,21,-1,-0.0,-21.0
m8_n9_s1.txt,8,9,38,9000,0.07262206077575684,3.7996771335601807,1,24.344812631607056,1,-1,-1.0,-1.0
m8_n9_s10.txt,8,9,39,9688,0.08293724060058594,0.948793888092041,7,18.03179097175598,57,-1,-7.0,-57.0
m8_n9_s2.txt,8,9,43,12456,0.08142948150634766,1.1795756816864014,0,26.64945387840271,498,-1,-0.0,-498.0
m8_n9_s3.txt,8,9,51,16656,0.09582304954528809,19.384021282196045,0,2.85143780708313,0,-1,-0.0,-0.0
m8_n9_s4.txt,8,9,47,14640,0.09169507026672363,4.170007705688477,0,27.420021533966064,0,-1,-0.0,-0.0
m8_n9_s5.txt,8,9,52,17688,0.09335017204284668,3.451054096221924,0,2.84104585647583,0,-1,-0.0,-0.0
m8_n9_s6.txt,8,9,59,21888,0.1004948616027832,6.830808639526367,0,4.151712894439697,0,-1,-0.0,-0.0
m8_n9_s7.txt,8,9,44,13868,0.08052563667297363,3.393918037414551,1,23.126477479934692,1,-1,-1.0,-1.0
m8_n9_s8.txt,8,9,53,18672,0.09321403503417969,6.688263177871704,1,27.301941633224487,1,-1,-1.0,-1.0
m8_n9_s9.txt,8,9,58,22064,0.1105494499206543,5.281818866729736,0,25.508209228515625,1,-1,-0.0,-1.0
m9_n10_s1.txt,9,10,40,10716,0.1177682876586914,1.6578521728515625,1,23.57088828086853,1,-1,-1.0,-1.0
m9_n10_s10.txt,9,10,62,26856,0.15073609352111816,3.847733736038208,0,50.62089562416077,0,-1,-0.0,-0.0
m9_n10_s2.txt,9,10,71,36036,0.17232441902160645,5.9205241203308105,0,92.47936463356018,5,-1,-0.0,-5.0
m9_n10_s3.txt,9,10,55,23464,0.14416861534118652,3.3476696014404297,0,38.72573494911194,0,-1,-0.0,-0.0
m9_n10_s4.txt,9,10,54,19740,0.1393282413482666,3.7037079334259033,0,7.383275508880615,0,-1,-0.0,-0.0
m9_n10_s5.txt,9,10,68,37776,0.17696452140808105,5.827882766723633,0,69.37649750709534,0,-1,-0.0,-0.0
m9_n10_s6.txt,9,10,74,38556,0.21169424057006836,4.9660749435424805,0,113.39274430274963,6,-1,-0.0,-6.0
m9_n10_s7.txt,9,10,59,28696,0.15794873237609863,1.9697895050048828,0,55.60405111312866,422,-1,-0.0,-422.0
m9_n10_s8.txt,9,10,33,7840,0.11259770393371582,0.8375930786132812,54,15.489475727081299,192,-1,-54.0,-192.0
m9_n10_s9.txt,9,10,67,32860,0.16695761680603027,5.797733783721924,0,62.76378679275513,1,-1,-0.0,-1.0
m9_n5_s1.txt,9,5,29,5136,0.041332244873046875,0.4979832172393799,21,11.734532594680786,282,-1,-21.0,-282.0
m9_n5_s10.txt,9,5,32,6324,0.047438621520996094,1.0057475566864014,51,14.700300216674805,440,-1,-51.0,-440.0
m9_n5_s2.txt,9,5,36,8320,0.04726719856262207,2.813870906829834,1,2.88464617729187,1,-1,-1.0,-1.0
m9_n5_s3.txt,9,5,15,1288,0.029801607131958008,1.156862497329712,188,3.4972803592681885,188,-1,-188.0,-188.0
m9_n5_s4.txt,9,5,33,6496,0.041448116302490234,0.8940010070800781,0,14.292548179626465,419,-1,-0.0,-419.0
m9_n5_s5.txt,9,5,36,8916,0.04738974571228027,1.129697322845459,5,28.077285766601562,38,-1,-5.0,-38.0
m9_n5_s6.txt,9,5,37,9436,0.051412105560302734,1.3764894008636475,4,26.204756498336792,102,-1,-4.0,-102.0
m9_n5_s7.txt,9,5,31,6508,0.04050588607788086,2.9736428260803223,0,11.97265625,0,-1,-0.0,-0.0
m9_n5_s8.txt,9,5,19,1680,0.03150629997253418,0.39483118057250977,548,2.8510067462921143,794,-1,-548.0,-794.0
m9_n5_s9.txt,9,5,39,9856,0.0522463321685791,1.1801860332489014,0,29.5719211101532,33,-1,-0.0,-33.0
m9_n6_s1.txt,9,6,26,3908,0.05162549018859863,1.2625060081481934,120,5.876591682434082,260,-1,-120.0,-260.0
m9_n6_s10.txt,9,6,29,5408,0.04853320121765137,5.396337032318115,1,2.6960883140563965,1,-1,-1.0,-1.0
m9_n6_s2.txt,9,6,41,10640,0.06087923049926758,1.523963212966919,0,35.89879298210144,11,-1,-0.0,-11.0
m9_n6_s3.txt,9,6,29,5264,0.047363996505737305,2.3652524948120117,1,8.792080640792847,1,-1,-1.0,-1.0
m9_n6_s4.txt,9,6,40,10412,0.09027910232543945,1.4021408557891846,7,30.648399591445923,20,-1,-7.0,-20.0
m9_n6_s5.txt,9,6,40,12168,0.06931734085083008,2.0146543979644775,1,28.928078651428223,1,-1,-1.0,-1.0
m9_n6_s6.txt,9,6,48,15120,0.08180356025695801,1.7695021629333496,0,53.69013452529907,19,-1,-0.0,-19.0
m9_n6_s7.txt,9,6,29,5912,0.05002474784851074,1.0956125259399414,22,12.240344762802124,29,-1,-22.0,-29.0
m9_n6_s8.txt,9,6,29,6080,0.05050063133239746,2.5813353061676025,83,15.13227367401123,192,-1,-83.0,-192.0
m9_n6_s9.txt,9,6,47,14840,0.0723581314086914,2.0066416263580322,0,38.01829171180725,27,-1,-0.0,-27.0
m9_n7_s1.txt,9,7,35,8352,0.06829833984375,4.562795639038086,1,23.356377601623535,1,-1,-1.0,-1.0
m9_n7_s10.txt,9,7,41,10968,0.07307291030883789,1.675858974456787,57,24.349574089050293,599,-1,-57.0,-599.0
m9_n7_s2.txt,9,7,50,17884,0.09711766242980957,5.922021150588989,0,4.139021396636963,1,-1,-0.0,-1.0
m9_n7_s3.txt,9,7,29,5628,0.06154608726501465,1.9820516109466553,492,11.144243955612183,1040,-1,-492.0,-1040.0
m9_n7_s4.txt,9,7,41,11776,0.07896256446838379,15.042126417160034,0,3.016050338745117,0,-1,-0.0,-0.0
m9_n7_s5.txt,9,7,52,19296,0.11680364608764648,7.0477941036224365,0,4.339922904968262,0,-1,-0.0,-0.0
m9_n7_s6.txt,9,7,52,19908,0.09780049324035645,2.57086181640625,0,44.051241636276245,1,-1,-0.0,-1.0
m9_n7_s7.txt,9,7,37,9880,0.07417702674865723,4.897258520126343,0,28.488137006759644,0,-1,-0.0,-0.0
m9_n7_s8.txt,9,7,24,3328,0.057143211364746094,0.3946993350982666,90,4.341836214065552,126,-1,-90.0,-126.0
m9_n7_s9.txt,9,7,48,15508,0.08400201797485352,1.994107723236084,0,40.3349175453186,31,-1,-0.0,-31.0
m9_n8_s1.txt,9,8,35,7656,0.08439135551452637,1.2046771049499512,92,15.454482316970825,450,-1,-92.0,-450.0
m9_n8_s10.txt,9,8,39,9880,0.08655810356140137,1.2691388130187988,0,23.52791428565979,1,-1,-0.0,-1.0
m9_n8_s2.txt,9,8,57,21952,0.11399030685424805,2.3347558975219727,0,122.71221089363098,0,-1,-0.0,-0.0
m9_n8_s3.txt,9,8,47,16308,0.10214853286743164,2.477736711502075,0,31.071417808532715,0,-1,-0.0,-0.0
m9_n8_s4.txt,9,8,49,16176,0.1074228286743164,2.4476473331451416,0,39.78633379936218,38,-1,-0.0,-38.0
m9_n8_s5.txt,9,8,56,24108,0.13501977920532227,3.988013982772827,0,46.386329650878906,0,-1,-0.0,-0.0
m9_n8_s6.txt,9,8,58,22932,0.11824727058410645,2.8376009464263916,0,59.059601068496704,3,-1,-0.0,-3.0
m9_n8_s7.txt,9,8,48,18280,0.09788036346435547,13.818652391433716,220,33.92051029205322,247,-1,-220.0,-247.0
m9_n8_s8.txt,9,8,31,6960,0.07715153694152832,1.4447338581085205,59,16.010529279708862,192,-1,-59.0,-192.0
m9_n8_s9.txt,9,8,62,27468,0.11947774887084961,4.294410228729248,0,70.4104814529419,124,-1,-0.0,-124.0
m9_n9_s1.txt,9,9,42,12680,0.12874150276184082,4.304851770401001,1,10.536301851272583,1,-1,-1.0,-1.0
m9_n9_s10.txt,9,9,50,16844,0.11424946784973145,3.0018558502197266,148,31.99521255493164,761,-1,-148.0,-761.0
m9_n9_s2.txt,9,9,65,31492,0.14629316329956055,13.787023305892944,0,3.0267860889434814,0,-1,-0.0,-0.0
m9_n9_s3.txt,9,9,43,13664,0.10962295532226562,3.917768955230713,374,30.51650071144104,4019,-1,-374.0,-4019.0
m9_n9_s4.txt,9,9,59,25652,0.13663148880004883,21.960723400115967,0,2.5477800369262695,0,-1,-0.0,-0.0
m9_n9_s5.txt,9,9,61,27948,0.13535737991333008,10.73780083656311,0,2.7482306957244873,0,-1,-0.0,-0.0
m9_n9_s6.txt,9,9,62,28580,0.138991117477417,4.483393669128418,0,59.93756985664368,0,-1,-0.0,-0.0
m9_n9_s7.txt,9,9,45,15960,0.11771678924560547,3.8494908809661865,1,32.02221965789795,15,-1,-1.0,-15.0
m9_n9_s8.txt,9,9,33,6768,0.0911550521850586,3.992948055267334,79,12.591496706008911,282,-1,-79.0,-282.0
m9_n9_s9.txt,9,9,61,26720,0.14457345008850098,6.5123512744903564,1,8.540850639343262,1,-1,-1.0,-1.0